{
  "recon_min": 0.027717458084225655,
  "recon_max": 0.860683262348175,
  "kl_min": 6.219634532928467,
  "kl_max": 24.826229095458984
}